"Age","Gender","Weight_kg","Height_m","Max_BPM","Avg_BPM","Resting_BPM","Session_Duration_hours","Calories_Burned","Workout_Type","Fat_Percentage","Water_Intake_liters","Workout_Frequency_days/week","Experience_Level","BMI"
56,1,88.3,1.71,180,157,60,1.69,1313,1,12.6,3.5,4,3,30.2
46,0,74.9,1.53,179,151,66,1.3,883,4,33.9,2.1,4,2,32
32,0,68.1,1.66,167,122,54,1.11,677,3,33.4,2.3,4,2,24.71
25,1,53.2,1.7,190,164,56,0.59,532,2,28.8,2.1,3,1,18.41
38,1,46.1,1.79,188,158,68,0.64,556,2,29.2,2.8,3,1,14.39
56,0,58,1.68,168,156,74,1.59,1116,4,15.5,2.7,5,3,20.55
36,1,70.3,1.72,174,169,73,1.49,1385,3,21.3,2.3,3,2,23.76
40,0,69.7,1.51,189,141,64,1.27,895,3,30.6,1.9,3,2,30.57
28,1,121.7,1.94,185,127,52,1.03,719,2,28.9,2.6,4,2,32.34
28,1,101.8,1.84,169,136,64,1.08,808,3,29.7,2.7,3,1,30.07
41,1,120.8,1.67,188,146,54,0.82,593,4,20.5,3,2,1,43.31
53,1,51.7,1.7,175,152,72,1.15,865,4,23.6,3.5,3,2,17.89
57,1,112.5,1.61,195,165,61,1.24,1013,3,22.1,2.7,3,2,43.4
41,1,94.5,2,179,136,69,1.18,794,4,27.6,3.7,3,1,23.62
20,1,117.7,1.81,196,161,54,1.35,1195,1,26.4,3.3,3,2,35.93
39,0,42.5,1.75,181,131,52,1.13,740,2,26.2,2.1,2,1,13.88
19,0,64,1.53,166,167,58,1.33,1111,4,29.8,2.3,3,2,27.34
41,0,43.8,1.77,182,165,58,1.19,884,3,31.9,1.6,3,1,13.98
47,0,66.8,1.75,199,146,56,1.13,742,2,32.8,2.5,3,2,21.81
55,0,75.2,1.67,188,167,51,1.37,1030,4,25.2,2.2,2,1,26.96
19,1,89,1.77,175,127,72,1.5,1048,2,28.9,3.7,4,2,28.41
38,1,71.9,1.77,197,142,72,1.12,875,3,25.7,3.1,2,1,22.95
50,0,71,1.68,187,161,70,1.17,848,1,33.1,2.5,2,1,25.16
29,1,120.9,1.78,197,168,65,0.78,721,1,28.1,3.4,2,1,38.16
39,0,64.3,1.69,190,148,58,1.25,925,4,26.9,1.9,4,2,22.51
42,0,63.7,1.71,173,169,62,1.42,1080,1,26.1,1.8,3,2,21.78
44,1,65.2,1.8,192,139,68,0.73,502,4,27.2,2.7,2,1,20.12
59,1,53.9,1.75,168,135,69,1.48,989,2,21.6,2.8,4,2,17.6
45,1,84.9,1.86,186,136,66,1.64,1104,4,14.2,3.5,5,3,24.54
33,0,78,1.68,183,135,55,1.29,871,4,32.3,1.8,3,2,27.64
32,1,108.2,1.8,172,138,53,1.27,964,4,28.4,3.5,3,1,33.4
20,0,65.4,1.52,185,127,50,1.03,654,1,28,2.2,4,2,28.31
54,0,50.2,1.61,188,157,67,1.48,1046,4,28.2,2.7,2,1,19.37
24,0,58.9,1.51,187,157,68,1.04,816,3,31.7,2.5,2,1,25.83
38,1,81.4,1.71,187,148,58,1.52,1237,4,10.2,3.5,5,3,27.84
26,1,127.6,1.73,167,160,62,1.32,1162,2,27.3,2.9,3,1,42.63
56,0,59.3,1.56,182,155,57,1.26,879,3,33.4,2.6,4,2,24.37
35,1,96.9,1.71,188,145,72,1.34,1069,2,24.2,2.9,3,2,33.14
21,1,62.6,1.81,164,150,62,1.3,1072,2,27.6,3.5,4,2,19.11
42,1,45.5,1.6,166,163,64,1.31,1057,2,21.7,2.6,3,2,17.77
31,0,48.8,1.51,195,131,60,1.48,969,3,28.2,2,2,1,21.4
26,0,44.3,1.6,186,136,61,1.08,734,3,34.7,2,3,1,17.3
43,1,113.2,1.83,161,134,63,1.45,962,1,29.9,2.9,4,2,33.8
19,0,60.5,1.59,184,128,53,1.14,730,3,30.1,2.2,2,1,23.93
37,1,124.2,1.76,168,158,50,1.5,1304,4,29.3,2.8,2,1,40.1
45,1,52.4,1.85,186,161,73,1.2,956,2,25.2,2.5,3,1,15.31
24,1,54.7,1.74,160,167,53,0.84,772,1,22.9,3.6,3,1,18.07
25,1,88.1,1.95,182,131,68,1.41,1016,3,22.7,3,2,1,23.17
52,0,59.7,1.71,169,151,58,1.23,836,2,34.3,2,3,1,20.42
31,0,79.7,1.54,184,144,59,1.03,742,3,26.7,2.3,4,2,33.61
34,0,51,1.62,162,158,53,1.42,1122,1,30.8,2.4,3,2,19.43
53,1,84.2,1.76,165,137,69,1.67,1133,3,12.8,3.5,5,3,27.18
57,1,122.1,1.89,165,134,58,1.13,750,3,27.4,3.6,3,1,34.18
21,1,96.7,1.72,161,151,62,1.26,1046,2,25,2.8,3,1,32.69
19,0,73,1.79,177,125,61,0.81,506,4,27.7,1.6,3,1,22.78
23,1,114.8,1.6,182,163,60,1.47,1318,3,21.7,2.7,4,2,44.84
59,0,65.5,1.52,161,162,61,1.4,1021,1,31.2,2.1,3,2,28.35
21,0,50.3,1.52,171,154,67,1.08,832,3,32.2,2.6,3,1,21.77
46,0,61,1.71,181,153,61,1.67,1150,3,17.8,2.7,4,3,20.86
35,0,44.6,1.62,196,157,65,0.56,440,4,32.4,2,2,1,16.99
43,0,58.2,1.61,179,124,54,1.04,580,2,26.4,2.6,3,2,22.45
51,0,44.8,1.63,198,137,69,1.08,666,1,33.8,2.1,4,2,16.86
27,1,87.5,1.63,183,135,74,1.75,1299,2,12.9,3.5,5,3,32.93
53,1,51.8,1.74,179,127,61,1.23,773,2,21.3,3.7,3,2,17.11
31,0,64.4,1.7,160,144,70,1.97,1418,2,17.3,2.7,5,3,22.28
48,0,67.1,1.61,160,151,74,0.62,421,3,33.4,1.5,2,1,25.89
32,1,85.9,1.6,176,145,60,1.99,1587,4,14.5,3.5,5,3,33.55
25,0,65.4,1.77,160,141,58,0.89,627,3,27.6,2.6,3,1,20.88
31,0,61.1,1.76,189,150,67,1.81,1358,1,18.6,2.7,4,3,19.72
40,1,106.5,1.65,162,162,74,1.32,1176,4,21,3.6,4,2,39.12
57,0,64,1.52,170,129,52,1.73,1004,2,15.2,2.7,5,3,27.7
38,0,61.4,1.54,183,131,69,1.47,963,4,30.6,2.7,3,2,25.89
33,0,40.5,1.63,181,147,66,1.07,786,1,31.9,1.5,4,2,15.24
35,1,70.1,1.79,185,125,63,1.08,743,3,28,2.3,3,2,21.88
41,1,94.1,1.62,172,139,50,1.13,777,3,23.4,3.1,4,2,35.86
43,1,55.5,1.82,160,124,66,1.08,663,2,20.1,2,3,1,16.76
42,0,53.7,1.72,183,142,74,1.37,875,3,29.8,1.6,3,1,18.15
58,0,66.1,1.75,169,128,57,0.63,363,3,25.2,1.8,2,1,21.58
46,1,103.9,1.77,194,148,54,1.18,864,1,20.9,2.9,2,1,33.16
32,0,61.7,1.58,183,135,54,1.87,1262,4,16.6,2.7,5,3,24.72
18,0,52.3,1.74,187,165,58,1.2,990,3,29.4,2.2,2,1,17.27
42,0,59.5,1.74,195,141,52,1.78,1129,1,16.4,2.7,5,3,19.65
24,0,72.9,1.76,175,127,68,0.86,546,1,30.8,1.5,3,1,23.53
26,0,76.7,1.63,199,139,72,1.08,751,2,25.6,1.7,2,1,28.87
41,1,72.1,1.83,175,133,58,1.13,744,1,21.4,2.8,3,2,21.53
18,0,54.8,1.68,176,158,71,1.27,1003,2,32,2.2,4,2,19.42
25,1,105,1.88,174,156,67,1.34,1150,3,21.4,2.3,3,2,29.71
41,0,55,1.55,175,169,65,1.45,1103,2,31.4,2,4,2,22.89
28,1,81.6,1.66,174,153,50,1.09,917,1,20.5,3.5,4,2,29.61
34,0,75.6,1.6,193,130,51,0.64,416,4,29.1,2.7,2,1,29.53
25,1,81.5,1.61,170,159,63,1.93,1688,4,10.9,3.5,4,3,31.44
52,0,61.5,1.69,160,152,63,1.8,1231,3,15.5,2.7,4,3,21.53
52,1,74,1.63,174,150,50,1.26,936,3,25.7,3.7,3,2,27.85
50,0,56.4,1.59,185,163,74,1.26,924,4,34.3,2.6,3,1,22.31
22,1,102.6,1.84,163,153,65,1.25,1052,2,20.5,2.7,3,2,30.3
59,0,54.6,1.57,164,169,64,0.58,441,3,29.2,2.3,3,1,22.15
56,1,129,1.78,194,126,64,1.29,805,1,27.1,2.7,2,1,40.71
58,1,103.5,1.66,172,168,61,1.33,1106,3,24.6,3.1,3,1,37.56
45,0,59.4,1.51,169,142,65,1.15,735,2,33.1,1.9,4,2,26.05
24,0,60.1,1.79,170,165,63,1.97,1625,3,15.9,2.7,4,3,18.76
26,1,77.7,1.62,177,126,73,1.16,804,1,29.6,3,3,2,29.61
25,0,41.2,1.62,193,144,64,1.49,1073,1,28.9,2.1,4,2,15.7
29,1,58.6,1.61,198,122,72,1.2,805,1,23.4,2,3,2,22.61
51,1,109.3,1.78,182,157,64,0.54,420,2,28.7,3.3,3,1,34.5
50,1,69.6,1.96,166,139,68,0.97,667,2,25.6,2,3,1,18.12
40,0,56.2,1.79,198,153,57,1.79,1369,1,17.6,2.7,5,3,17.54
41,1,71.7,1.96,162,168,51,0.51,424,1,27.3,2.5,2,1,18.66
54,1,86,1.93,171,163,51,1.74,1404,2,12.9,3.5,5,3,23.09
52,0,79.4,1.59,166,163,59,1.39,1020,2,26.6,1.5,3,2,31.41
57,0,78.4,1.62,185,149,52,1.01,677,2,31.7,2,4,2,29.87
39,0,55.4,1.6,192,136,72,1.44,979,4,26.3,1.6,3,2,21.64
44,0,61.7,1.55,196,129,66,1.41,819,2,33.1,2.6,4,2,25.68
52,1,85.5,1.82,174,154,57,1.78,1357,1,14.9,3.5,4,3,25.81
18,1,87.6,1.93,161,139,72,1.72,1315,4,11.9,3.5,4,3,23.52
52,1,82.4,1.72,166,137,53,1.01,685,2,24.4,2.7,4,2,27.85
54,1,67,1.68,191,164,63,0.55,446,1,20.5,2.8,3,1,23.74
31,0,42.3,1.6,163,163,70,1.09,888,3,25.1,1.9,3,2,16.52
20,1,82.7,1.99,179,146,59,1.69,1357,4,14.6,3.5,5,3,20.88
18,1,92.4,1.74,195,168,50,1.41,1303,1,21.3,3.1,2,1,30.52
22,0,63.2,1.54,191,155,53,1.02,790,3,29.5,2.4,4,2,26.65
43,1,82.7,1.85,187,142,50,1.22,858,1,28.2,3.1,4,2,24.16
31,1,86.6,1.76,172,151,66,1.29,1071,2,28.9,3.3,3,2,27.96
56,1,129.5,1.95,160,129,66,1,639,2,25.2,3.5,2,1,34.06
44,1,98,1.83,194,130,56,1.28,824,3,25.7,3.5,4,2,29.26
26,1,86.2,1.68,189,157,72,1.97,1701,2,13.3,3.5,5,3,30.54
32,1,78.6,1.62,195,125,69,1.28,880,1,29.6,3.1,3,1,29.95
32,0,59,1.66,184,160,64,0.51,408,3,31,1.8,2,1,21.41
43,0,57.3,1.79,175,166,62,1.98,1479,1,17.8,2.7,4,3,17.88
59,1,122.3,1.89,178,153,51,0.66,500,1,20.1,3.1,3,1,34.24
30,1,85.3,1.95,160,155,68,1.61,1373,1,10.4,3.5,5,3,22.43
49,0,45.2,1.74,164,156,73,1.24,870,2,30.8,2.1,3,2,14.93
56,1,55.6,1.92,181,136,62,0.68,458,2,29.4,3.2,3,1,15.08
49,1,82.8,1.95,183,159,73,1.91,1503,1,14.3,3.5,5,3,21.78
21,1,125.2,1.66,196,159,60,1.38,1207,4,29.8,3.4,3,2,45.43
47,0,58.5,1.79,195,131,71,1.42,837,1,30.3,2.4,4,2,18.26
54,1,86.1,1.95,195,140,64,1.17,811,1,27.9,3.4,2,1,22.64
40,0,63.5,1.61,163,159,59,1.31,1041,3,33.4,1.6,3,2,24.5
56,1,69.3,1.68,195,138,58,0.66,451,1,26.5,2.1,2,1,24.55
32,0,70.5,1.62,177,122,58,1.24,756,2,28.4,1.8,2,1,26.86
46,0,60.1,1.65,175,137,69,1.69,1042,3,17.3,2.7,4,3,22.08
53,1,94.1,1.95,177,138,50,0.89,608,4,28.6,3.5,3,1,24.75
30,0,79.2,1.62,181,166,66,1.26,1046,3,28,2.5,4,2,30.18
49,1,115.3,1.91,161,125,61,1.38,854,4,29.2,3.2,2,1,31.61
24,0,62.9,1.79,180,135,59,1.42,958,3,27.3,2.3,4,2,19.63
39,1,62,1.64,195,127,54,0.97,678,3,27.5,3.2,3,1,23.05
45,1,88.5,1.78,198,167,67,1.53,1265,4,13.2,3.5,4,3,27.93
19,0,73.9,1.77,198,137,64,1.28,877,2,32.5,2.6,3,2,23.59
59,1,50.3,1.95,188,167,55,1.07,885,2,24.4,3.4,3,1,13.23
23,1,83.1,1.8,185,162,56,0.7,624,2,29.3,3.1,3,1,25.65
45,0,65.1,1.78,180,158,66,1.46,1038,3,31.3,2.3,3,1,20.55
45,1,46.6,1.79,176,168,55,1.46,1214,1,22.9,2.4,3,2,14.54
37,1,103.5,1.89,175,168,57,0.54,499,3,26.4,3.1,2,1,28.97
47,0,61.9,1.54,190,131,61,1.95,1150,1,16.4,2.7,4,3,26.1
28,0,52,1.61,168,164,70,1.32,1082,1,27.9,2,3,2,20.06
45,1,113.4,1.71,190,129,63,0.83,530,2,24,2.3,2,1,38.78
42,1,62.9,1.98,173,126,61,1.42,886,1,28.5,3.4,4,2,16.04
56,0,40.4,1.8,196,165,72,1.23,913,3,30,2.1,4,2,12.47
50,0,67.1,1.75,161,120,59,0.67,362,3,31.8,2.7,3,1,21.91
18,1,70,1.61,173,168,71,1.3,1201,2,23.9,2.5,2,1,27.01
44,0,69.5,1.75,192,155,69,1.02,711,4,27.6,2.1,3,1,22.69
30,1,107.9,1.66,194,140,64,1.08,832,3,29.5,2.8,3,2,39.16
58,1,109,1.91,198,156,56,1.49,1151,1,26,2.2,3,2,29.88
20,1,101,1.91,179,143,58,1.36,1070,3,29.3,2.7,3,2,27.69
56,1,88.5,1.85,161,144,59,1.57,1119,3,11,3.5,4,3,25.86
23,1,80.9,1.8,178,126,59,1.55,1074,3,10.7,3.5,4,3,24.97
25,0,43.1,1.62,196,161,65,1.04,837,4,33.6,1.8,4,2,16.42
44,0,59.1,1.52,177,136,56,1.58,967,1,18.4,2.7,5,3,25.58
26,0,54,1.53,175,148,54,1.14,844,2,26.9,1.7,3,1,23.07
54,0,72.3,1.78,163,149,72,1.27,852,3,27.7,1.8,2,1,22.82
50,1,51.1,1.98,171,126,52,0.92,574,1,28,2.4,2,1,13.03
59,1,89.4,1.72,188,152,67,1.08,813,1,24.5,3.2,3,1,30.22
41,1,51.5,1.8,166,126,60,1.09,680,2,26.7,2.1,4,2,15.9
32,1,87.9,1.88,173,143,64,1.52,1195,3,11.6,3.5,5,3,24.87
49,0,42,1.52,171,130,70,1.1,644,4,28.8,2.2,3,1,18.18
49,1,79.2,1.72,194,128,69,1.46,925,1,29.9,3.3,3,1,26.77
41,1,64.8,1.71,164,131,54,1.2,778,2,22.5,2.8,3,2,22.16
58,0,63,1.78,176,154,73,1.58,1095,4,17.5,2.7,4,3,19.88
29,0,56.2,1.77,191,123,61,0.68,418,1,33.4,2.6,3,1,17.94
56,0,52.9,1.64,169,155,53,1.1,767,3,27.4,2.3,3,2,19.67
19,0,49,1.69,176,147,64,1.05,772,1,29.2,2.4,3,1,17.16
20,1,128.2,1.84,164,132,58,0.83,603,4,26.2,2.3,3,1,37.87
54,1,83.6,1.86,168,142,56,1.54,1082,4,12.4,3.5,5,3,24.16
34,0,56.2,1.77,192,138,59,1.81,1249,3,17.3,2.7,5,3,17.94
19,1,87.8,1.78,195,161,72,1.28,1133,3,23.6,3.3,2,1,27.71
19,1,85.9,1.85,195,156,62,1.66,1424,2,12.9,3.5,4,3,25.1
45,1,51.1,1.87,177,158,57,1.44,1126,3,26.2,3.4,4,2,14.61
40,0,57.4,1.71,168,143,61,1.87,1337,2,18.3,2.7,5,3,19.63
54,1,114.9,1.92,188,135,71,1.2,802,4,20.7,2.6,4,2,31.17
49,0,62.1,1.66,173,152,73,1.37,937,4,31.3,1.8,3,2,22.54
50,1,57.1,1.91,184,131,68,1.09,707,1,29.5,2.7,4,2,15.65
18,1,68.1,1.8,174,153,50,1.1,926,1,25.4,3.3,4,2,21.02
36,1,69.2,1.65,165,126,65,1.23,852,2,27.2,2.7,3,1,25.42
19,0,65.2,1.52,188,130,71,1.23,800,3,30.6,2.4,3,1,28.22
43,1,108.6,1.73,174,150,66,1.33,988,3,28.5,2.2,2,1,36.29
49,0,40,1.65,188,148,74,1.03,686,1,34.3,2.5,3,2,14.69
23,0,41.9,1.58,163,132,67,0.56,370,4,26.8,1.8,3,1,16.78
49,0,68.3,1.52,177,150,60,1.45,979,2,29.4,1.8,4,2,29.56
21,1,88.4,1.6,198,121,67,1.71,1138,4,12,3.5,4,3,34.53
28,1,66,1.9,175,158,56,1.18,1025,4,24.1,3,3,1,18.28
34,1,71.9,1.64,170,134,67,1.26,929,3,21.3,2.1,4,2,26.73
55,1,75.6,1.71,173,130,57,1.03,663,2,28.1,2,4,2,25.85
41,0,63.4,1.59,162,153,55,1.84,1267,4,15.2,2.7,5,3,25.08
22,0,71.6,1.77,197,158,56,1.49,1177,1,30.3,1.8,3,1,22.85
51,0,57.4,1.77,177,123,72,1.08,598,1,31.6,2.1,4,2,18.32
23,1,83.8,1.99,179,130,71,1.79,1280,3,11,3.5,4,3,21.16
39,0,55.9,1.71,184,148,59,1.95,1443,1,19.5,2.7,5,3,19.12
28,1,87,1.76,197,121,60,1.2,799,1,28.4,3.5,3,2,28.09
33,0,65.3,1.71,172,135,74,1.18,796,4,29.7,2.5,4,2,22.33
50,1,45.4,1.67,163,158,62,1.37,1071,1,24.1,2.8,4,2,16.28
26,1,87.1,1.87,173,132,58,1.71,1241,1,11.2,3.5,4,3,24.91
23,0,78.6,1.73,192,156,56,1.47,1147,4,32.3,1.5,4,2,26.26
33,0,78,1.71,187,136,58,1.08,734,3,26.3,2.1,3,1,26.67
46,0,58,1.53,196,140,62,1.83,1153,3,18.4,2.7,4,3,24.78
20,0,71.3,1.69,167,163,52,1.28,1043,2,33.4,2.3,3,2,24.96
37,1,49.1,1.74,193,138,52,1.11,842,1,22.3,2.6,3,2,16.22
53,0,78.3,1.65,164,126,50,1.24,703,4,33.7,1.6,3,1,28.76
36,0,57.3,1.64,164,157,70,1.13,887,2,25.3,1.8,4,2,21.3
43,0,48.4,1.61,190,127,69,1.28,732,3,34.1,2.4,2,1,18.67
20,1,76.4,1.62,168,132,51,1.35,980,3,21.2,2.6,4,2,29.11
36,1,110.2,1.77,191,156,74,1.19,1021,4,26.5,3.4,2,1,35.18
37,0,72.9,1.76,192,121,52,1.21,732,2,27.5,1.9,3,2,23.53
49,1,82.1,1.86,162,160,64,1.87,1481,2,14.2,3.5,4,3,23.73
24,0,58.9,1.76,189,130,73,0.63,410,4,30.1,1.7,3,1,19.01
58,1,82.2,1.87,171,143,55,1.57,1111,4,10.7,3.5,4,3,23.51
50,1,96.7,1.72,188,125,62,1.46,903,2,25.7,2.7,3,2,32.69
57,1,81.4,1.86,162,145,70,1.8,1292,3,12,3.5,5,3,23.53
56,1,107.8,1.73,185,126,50,1.09,680,1,26.6,2.8,3,2,36.02
35,0,65.8,1.62,189,158,69,1,790,3,33.8,1.5,4,2,25.07
57,0,68.5,1.56,168,138,68,1.45,900,4,29.1,1.6,4,2,28.15
18,0,63.9,1.59,185,125,50,1.87,1169,2,16.4,2.7,4,3,25.28
28,1,76.3,1.62,161,162,70,1.16,1034,2,20.1,2.3,3,2,29.07
45,0,44.5,1.65,162,148,71,1.44,959,1,30.7,1.6,3,1,16.35
42,0,50.7,1.75,163,162,51,1.29,940,2,29,1.9,3,2,16.56
40,0,55.1,1.61,184,158,64,1.55,1224,1,16.9,2.7,4,3,21.26
48,1,73.7,1.61,172,121,63,1.36,815,3,21.8,3.6,4,2,28.43
47,1,55.6,1.77,198,138,68,1.2,820,3,24.3,2.9,4,2,17.75
59,1,86.9,1.76,194,123,60,1.13,688,2,29.8,3.1,3,2,28.05
52,0,60.3,1.68,182,125,64,1.6,900,2,16.5,2.7,4,3,21.36
24,0,40.4,1.64,168,168,55,0.99,832,4,31,1.9,2,1,15.02
33,0,78.5,1.66,161,156,69,1.29,1006,4,32.8,1.9,4,2,28.49
43,1,102.6,1.72,190,147,58,0.82,597,2,27.5,2,2,1,34.68
19,1,110.8,1.91,161,149,54,1.31,1074,2,23.3,2.9,2,1,30.37
18,0,60.9,1.79,191,126,69,1.11,699,3,31.1,2.1,2,1,19.01
29,1,55.7,1.61,177,128,51,1.41,993,2,28.7,2.3,3,1,21.49
22,1,110.5,1.92,172,144,55,1.16,919,4,20.2,3.3,3,2,29.98
54,1,55.2,1.71,164,152,67,0.77,579,3,24.4,2.8,2,1,18.88
49,1,46.5,1.72,169,120,72,1.4,832,1,22.2,2.6,4,2,15.72
26,0,70.9,1.66,184,125,68,0.81,506,4,28.9,1.7,3,1,25.73
58,1,74.6,1.75,193,137,58,1.09,739,4,24.2,2.9,2,1,24.36
52,1,45.1,1.72,196,129,70,0.93,594,3,27.5,3.3,2,1,15.24
36,1,99.9,1.99,189,147,73,1.33,1075,1,20.9,2.5,3,1,25.23
33,1,117,1.61,166,130,55,1.04,744,4,25.1,2.4,3,2,45.14
20,0,75.9,1.73,165,152,63,1.39,1056,2,30.6,2.1,4,2,25.36
37,0,71.2,1.64,162,120,73,1.11,666,4,29.9,1.7,3,2,26.47
41,1,78.8,1.72,172,132,62,1.01,660,3,27.3,3.1,4,2,26.64
50,1,50.6,1.69,162,156,60,1.31,1012,3,23.8,3,2,1,17.72
41,1,82.5,1.79,185,139,61,1.69,1163,3,14.7,3.5,4,3,25.75
28,1,108.5,1.79,183,120,68,1.33,878,4,24.8,2.1,4,2,33.86
25,1,49.9,1.98,165,122,68,1.15,772,1,25.7,2.1,3,2,12.73
53,1,125.1,1.91,171,137,70,0.52,353,2,28.3,3.1,2,1,34.29
55,0,79.7,1.66,195,160,68,1.06,763,3,27.8,1.9,2,1,28.92
57,1,126.8,1.63,161,133,73,0.96,632,1,20.8,2.1,2,1,47.72
37,0,54.6,1.57,170,150,62,1.31,982,2,32.1,2.4,3,1,22.15
52,0,47.8,1.54,198,146,63,1.34,880,3,29.8,1.9,3,2,20.16
42,1,97.9,1.91,193,136,73,1.01,680,2,29,2.8,3,2,26.84
52,0,63.1,1.54,185,165,67,1.36,1010,2,34.8,1.8,3,2,26.61
42,0,72.4,1.69,177,148,61,1.07,713,1,29,2.3,3,2,25.35
46,0,58.9,1.7,180,155,53,1.52,1060,2,17.1,2.7,4,3,20.38
35,0,50.4,1.6,195,156,59,1.03,803,3,29.1,1.9,4,2,19.69
35,0,64.2,1.59,199,145,66,1.63,1182,1,16.6,2.7,5,3,25.39
19,0,58.8,1.77,181,136,53,1.4,952,4,32.8,2.7,2,1,18.77
52,1,105.2,1.62,189,141,61,1.36,949,4,27.6,3.2,3,1,40.09
33,0,45.9,1.5,189,144,62,0.92,662,1,29.8,1.7,3,1,20.4
58,0,65.2,1.63,167,121,53,1.12,610,4,25.4,2,3,2,24.54
53,0,56.3,1.79,193,141,59,1.52,964,2,16.5,2.7,5,3,17.57
50,1,90,1.7,168,124,74,0.81,497,3,22.9,2.7,2,1,31.14
21,0,60,1.7,179,123,52,1.97,1212,2,19.1,2.7,5,3,20.76
50,1,51.5,1.71,199,155,64,1.48,1136,1,20.9,2.9,2,1,17.61
31,0,63.1,1.64,184,125,51,1.54,962,3,19,2.7,4,3,23.46
38,1,91.5,1.77,178,140,74,0.8,616,1,26.7,3.4,2,1,29.21
37,1,48.7,1.67,164,132,74,1.39,1009,1,27.3,3,2,1,17.46
25,0,57.8,1.56,170,156,66,1.35,1053,1,29.3,1.6,3,2,23.75
24,0,42,1.75,174,144,55,0.83,598,2,31.8,2.3,3,1,13.71
20,1,128.4,1.92,167,145,57,0.63,502,3,26.1,2,2,1,34.83
34,0,74.2,1.57,178,158,52,1.47,1161,3,32.7,2.4,3,1,30.1
50,1,89.6,1.68,182,139,74,1.79,1232,3,12.2,3.5,5,3,31.75
29,1,125.9,2,186,152,67,1.36,1137,2,24.7,3.1,4,2,31.48
39,1,105.5,1.99,199,133,71,0.81,593,4,26.4,2.5,2,1,26.64
39,1,93.4,1.7,191,155,50,1.1,938,2,21.1,2.5,4,2,32.32
47,1,82.1,1.84,185,136,65,1.37,922,2,24.4,3.4,4,2,24.25
55,0,42.9,1.69,186,140,56,0.9,567,1,34.7,2.4,2,1,15.02
55,1,128.4,1.68,178,165,52,1.13,923,3,20.4,2.6,4,2,45.49
25,1,112.4,1.96,188,135,72,1.42,1054,3,23.2,2.5,2,1,29.26
44,0,77.7,1.79,198,165,53,1.41,1047,4,28.1,2.2,3,1,24.25
44,1,89.3,1.99,192,135,58,1.4,936,4,26.3,2,4,2,22.55
51,0,70.3,1.55,178,139,54,1.4,876,1,26.1,1.6,3,1,29.26
38,0,59.1,1.72,196,148,68,1.07,792,3,31.3,1.7,3,2,19.98
47,0,49.9,1.69,178,147,64,1.48,979,4,26,1.7,3,2,17.47
50,1,101.7,1.67,192,127,57,0.53,333,4,20.9,2.9,2,1,36.47
45,1,93,1.91,175,143,55,1.03,729,3,27.3,3.7,3,2,25.49
50,1,87.4,1.6,182,122,67,0.77,465,2,23.2,3.1,2,1,34.14
22,0,55.1,1.61,166,144,68,1.62,1166,4,19.9,2.7,4,3,21.26
36,1,123.7,1.69,185,138,73,1.3,987,3,20.4,2.1,4,2,43.31
21,0,61.3,1.57,191,152,64,1.94,1474,4,17.2,2.7,4,3,24.87
52,1,72.3,1.94,171,121,56,1.46,874,1,21.1,2.9,3,2,19.21
34,0,69.2,1.53,167,134,59,1.36,911,4,28.5,2.1,2,1,29.56
45,1,81.4,1.61,164,141,55,1.14,796,3,30,2.2,4,2,31.4
47,1,84.8,1.86,187,129,63,1.85,1181,4,14.4,3.5,5,3,24.51
46,1,55.1,1.72,164,137,66,1.43,970,1,20.5,3.6,3,2,18.62
23,0,59,1.78,185,141,58,1.67,1177,1,17.8,2.7,5,3,18.62
52,0,64.9,1.51,164,165,68,1.83,1359,4,18.2,2.7,4,3,28.46
58,1,109.7,1.75,181,168,54,1.01,840,4,22.1,2.7,2,1,35.82
54,1,78.4,1.9,174,146,72,0.81,585,1,21.5,3.7,2,1,21.72
41,0,76.7,1.79,172,132,56,1.4,832,1,34,2,4,2,23.94
46,0,63.1,1.61,187,152,68,1,684,2,34.7,2.2,4,2,24.34
48,0,62.9,1.58,192,124,69,1.98,1105,2,20,2.7,4,3,25.2
52,1,85.6,1.74,182,145,56,1.84,1321,1,13.9,3.5,4,3,28.27
50,0,66.3,1.57,192,132,73,1.25,742,4,31.6,1.6,2,1,26.9
38,1,61.3,1.97,177,146,51,1.37,1100,3,23.5,2.8,3,1,15.8
49,0,44.1,1.65,189,133,74,1.16,694,4,26.7,1.8,4,2,16.2
40,1,63.8,1.62,185,143,72,1.3,1022,4,20.8,3.4,2,1,24.31
50,0,55.4,1.55,175,122,65,1.85,1016,2,18.5,2.7,4,3,23.06
20,0,74.7,1.58,172,166,62,1.04,863,2,32.8,2.4,3,2,29.92
35,0,78,1.67,198,168,57,1.13,949,2,33.3,2.5,4,2,27.97
42,0,57.5,1.67,192,149,55,1.14,764,1,34.1,2.4,2,1,20.62
59,0,60.7,1.73,185,154,55,1.03,714,1,33.8,2.5,3,2,20.28
48,1,69,1.74,160,167,58,1.48,1223,4,30,2.3,3,2,22.79
20,0,75.8,1.78,197,133,53,1.42,944,4,27.4,2,4,2,23.92
57,0,75.7,1.63,161,131,60,0.69,407,3,32.6,2.3,3,1,28.49
41,0,71.2,1.64,165,147,54,1.42,939,4,30.9,2.3,3,2,26.47
49,1,85,1.68,197,163,74,1.82,1468,4,11.3,3.5,4,3,30.12
39,0,63.6,1.56,183,148,66,1.22,903,2,34.8,2.4,2,1,26.13
40,1,73.2,1.94,177,162,69,0.81,722,2,29,2.4,2,1,19.45
19,0,48.3,1.52,186,136,56,0.96,653,2,26.3,1.6,2,1,20.91
44,0,42.8,1.78,167,159,64,1.49,1066,2,25.3,2.6,3,2,13.51
59,1,88.1,1.76,187,168,74,1.35,1123,2,26.9,3,3,2,28.44
19,0,72.4,1.75,169,140,64,1.2,840,3,31,1.7,4,2,23.64
43,1,73.2,1.88,176,142,63,1.17,822,3,29.4,3.3,3,1,20.71
34,1,110.5,1.86,188,139,62,1.42,1086,3,22.3,3.6,2,1,31.94
57,0,46.1,1.76,165,130,60,1.44,842,2,25.8,1.7,3,2,14.88
50,1,90.8,1.71,173,153,62,1.07,810,1,22.6,3.4,4,2,31.05
26,0,59.3,1.51,181,129,71,1.7,1096,2,15.1,2.7,5,3,26.01
56,0,45.1,1.73,165,129,73,0.83,482,2,25.4,2.6,3,1,15.07
46,1,45,1.77,185,162,58,1.48,1187,3,29.1,3.6,3,2,14.36
59,1,89.4,1.62,198,125,59,1.43,885,2,23.5,3.6,3,2,34.06
43,1,127.7,1.69,171,155,53,1.14,875,3,24.1,2.9,3,2,44.71
52,1,70.9,1.72,194,143,66,1.31,927,2,20.2,2.6,3,2,23.97
42,0,49.2,1.5,173,131,63,1.15,678,4,27.7,1.5,3,2,21.87
41,0,62.3,1.79,181,162,73,1.99,1451,1,19,2.7,5,3,19.44
30,1,64.1,1.87,182,142,67,0.64,500,1,26.2,2.1,2,1,18.33
24,0,69.7,1.75,166,146,60,1.41,1029,3,32.5,2,3,1,22.76
53,0,56.9,1.59,199,164,65,1.49,1100,4,29.5,2,3,2,22.51
37,0,53,1.71,184,156,50,1.13,881,1,28.1,1.7,4,2,18.13
18,0,72.7,1.55,172,125,56,0.84,525,3,29.8,2,3,1,30.26
25,1,76.5,1.96,180,120,59,0.67,442,2,23.2,2.3,3,1,19.91
33,1,113.6,1.99,169,125,58,1.38,949,2,28.4,3.4,2,1,28.69
31,0,62.5,1.62,168,169,74,1.56,1318,4,16.5,2.7,4,3,23.81
29,1,95.2,1.86,174,141,52,0.64,496,1,26.6,2.5,2,1,27.52
40,1,51.7,1.82,161,160,71,0.9,792,2,21.4,3,3,1,15.61
32,1,105.3,1.67,184,143,72,0.57,448,3,26.9,2.9,3,1,37.76
45,0,71.2,1.68,172,144,63,1.37,888,2,34.1,1.6,3,1,25.23
51,0,78.1,1.51,193,134,74,0.92,555,2,31.1,2.6,3,1,34.25
19,0,50.6,1.68,193,145,64,1.21,877,1,30.6,2.1,3,2,17.93
49,1,70.2,1.89,194,127,51,0.7,440,1,29.6,2.6,3,1,19.65
40,0,62.6,1.53,197,143,73,1.93,1380,3,18.1,2.7,5,3,26.74
39,0,60.6,1.65,162,167,63,0.92,768,4,27.6,1.7,3,1,22.26
42,1,76.4,1.97,165,157,65,1.14,886,4,22.9,2.6,3,2,19.69
39,0,63.3,1.71,178,125,56,1.88,1175,2,18.5,2.7,4,3,21.65
39,0,68.6,1.64,162,154,53,1.33,1024,3,32.4,1.5,3,2,25.51
59,1,123.3,1.88,177,161,67,1.3,1036,4,23,2.6,4,2,34.89
23,1,107,1.94,198,120,73,1.35,891,4,23.5,2.9,2,1,28.43
32,1,68.3,1.92,168,165,54,1.42,1289,2,29.9,3.5,2,1,18.53
54,0,47.8,1.6,171,155,55,1.19,830,3,26,2.3,4,2,18.67
50,0,58.4,1.79,164,131,56,1.6,943,4,17,2.7,4,3,18.23
25,0,74.3,1.71,162,157,64,1.43,1123,1,25.6,1.6,3,2,25.41
22,1,106.8,1.82,170,130,50,1,715,1,28.2,2.3,4,2,32.24
56,1,125.5,1.8,189,131,73,1.26,817,2,20.9,2.7,4,2,38.73
21,0,55.2,1.55,163,161,53,1.37,1103,2,31.7,1.7,4,2,22.98
23,0,71.4,1.72,164,169,74,1.25,1056,2,25.6,1.5,2,1,24.13
49,1,77.7,1.61,160,158,50,1.03,806,2,26.7,3.4,3,2,29.98
47,1,88.4,1.6,186,126,60,1.86,1160,4,14.2,3.5,5,3,34.53
52,1,104.8,1.99,187,130,67,0.93,598,3,24,2,2,1,26.46
57,1,82.2,1.69,188,155,63,1.15,882,2,25.2,3.4,4,2,28.78
33,0,68.2,1.75,177,150,71,0.85,638,2,29,1.7,2,1,22.27
30,1,91.4,1.99,171,152,60,1.37,1145,4,23,3.7,3,2,23.08
59,0,42.1,1.65,172,132,59,1.22,725,2,33,2.2,2,1,15.46
47,0,68.7,1.76,161,137,66,1.37,845,2,27.7,2.4,3,2,22.18
36,0,47.2,1.74,196,160,53,1.5,1200,3,32.2,1.6,4,2,15.59
34,1,92,1.76,175,143,73,0.73,574,1,22.1,3.5,3,1,29.7
36,1,56.2,1.95,183,128,64,1.09,767,2,22.5,3.4,4,2,14.78
45,1,58.4,1.72,194,150,65,1.31,973,4,23.4,3.1,4,2,19.74
43,1,82.9,1.95,181,160,70,1.9,1505,3,12.9,3.5,5,3,21.8
54,0,66.9,1.74,195,129,62,1.24,720,4,29.5,2.1,2,1,22.1
43,1,66.3,1.85,170,121,58,1.18,707,3,27.5,3.2,2,1,19.37
40,1,93.6,1.93,188,157,60,1.38,1192,3,22.1,2,3,1,25.13
26,0,64.1,1.5,194,134,60,1.93,1293,2,15.1,2.7,5,3,28.49
29,1,86.7,1.62,174,122,55,1.52,1020,2,13.9,3.5,4,3,33.04
18,0,62,1.59,190,162,50,1.23,996,2,33.2,2.2,4,2,24.52
18,0,58.1,1.61,175,150,71,1.9,1425,1,15.3,2.7,4,3,22.41
51,0,64.9,1.6,169,125,55,1.49,838,1,31.1,2.5,4,2,25.35
49,0,69.3,1.62,191,122,62,1.14,626,4,28.8,1.9,4,2,26.41
42,0,42.7,1.74,161,130,71,1.04,608,2,32.9,1.6,3,1,14.1
57,0,51.4,1.63,183,134,73,1.2,724,1,33.7,2,4,2,19.35
18,0,67.4,1.6,182,164,71,0.6,492,2,33.5,2.4,3,1,26.33
33,0,55.6,1.61,161,147,54,1.77,1301,1,18.9,2.7,4,3,21.45
56,1,125.3,1.86,197,129,64,1,639,1,22.7,2.2,3,2,36.22
22,1,102.1,1.85,190,157,67,1.48,1278,3,28.1,2.4,4,2,29.83
39,1,61.9,1.77,199,166,69,1.32,1205,2,25.3,2.3,3,1,19.76
46,1,108.8,1.64,185,169,63,1.4,1171,2,20.5,3.4,3,1,40.45
20,0,51.1,1.58,188,169,64,0.5,422,1,29.6,1.6,2,1,20.47
29,1,81.7,1.99,162,126,54,1.45,1005,2,29.4,3.2,2,1,20.63
43,0,42.7,1.66,173,134,53,0.73,440,1,33.9,1.9,2,1,15.5
33,1,81.8,1.99,184,137,51,1.59,1198,2,10.5,3.5,4,3,20.66
54,1,54.6,1.76,160,137,56,1.28,868,3,27.4,3.3,4,2,17.63
39,1,107.7,1.88,162,160,59,0.72,634,2,28.1,3.6,2,1,30.47
46,0,56.9,1.6,185,143,65,0.88,566,3,27.7,1.6,3,1,22.23
31,1,78.8,1.71,177,121,59,1.49,992,4,24.7,2.5,4,2,26.95
45,0,48.2,1.64,168,159,67,1.25,894,2,32.1,2.5,4,2,17.92
22,0,50.7,1.59,197,139,66,1.27,883,2,29.4,1.8,3,2,20.05
47,1,86.6,1.99,182,153,70,1.98,1500,2,10.6,3.5,4,3,21.87
22,1,96.3,1.63,180,162,62,1.35,1203,3,27.1,2.4,4,2,36.25
29,1,80.8,1.98,160,145,50,1.65,1316,2,14.6,3.5,5,3,20.61
33,0,58,1.53,180,126,50,1.84,1159,2,18.3,2.7,5,3,24.78
43,1,95.9,1.85,186,157,64,1.28,995,1,27.7,3.4,2,1,28.02
43,0,61.5,1.58,165,149,50,1.86,1247,4,16.8,2.7,5,3,24.64
38,0,40.6,1.79,195,161,55,0.62,499,3,26.8,2.7,2,1,12.67
56,1,82.5,1.87,187,124,74,1.51,927,1,13.2,3.5,5,3,23.59
53,1,105.1,1.84,176,130,62,0.69,444,3,23.3,2.9,3,1,31.04
50,0,58.1,1.58,199,120,50,1.93,1042,1,19.3,2.7,5,3,23.27
47,0,61,1.76,162,153,54,1.54,1060,4,15.6,2.7,5,3,19.69
54,0,64.5,1.53,171,120,58,1.74,940,1,17.2,2.7,4,3,27.55
40,1,58.2,1.98,198,138,74,1.43,1085,3,24,2.5,3,2,14.85
27,0,69.5,1.76,171,121,66,0.94,569,2,34.4,2,3,1,22.44
22,1,62.2,1.84,161,140,65,0.51,393,2,21.5,2.3,3,1,18.37
53,0,68,1.7,181,139,57,1.06,663,4,25.1,2.4,4,2,23.53
51,0,56.3,1.5,182,142,66,1.43,914,3,27.4,2.4,3,1,25.02
48,1,94.5,1.7,189,140,64,1.01,700,3,28.2,3.5,3,2,32.7
27,0,58,1.79,164,143,73,1.39,994,3,27.1,1.5,2,1,18.1
36,1,84,1.94,168,123,50,1.8,1218,4,11.2,3.5,5,3,22.32
49,1,61,1.87,180,131,61,1.14,739,2,21.3,3,4,2,17.44
18,0,64.8,1.53,170,141,54,1.98,1396,1,18.6,2.7,5,3,27.68
22,1,45.7,1.77,164,139,73,1.04,795,4,20.7,2.4,3,1,14.59
21,1,80.9,1.9,194,137,55,1.8,1356,1,11.7,3.5,4,3,22.41
33,0,64.1,1.63,186,120,74,1.58,948,2,16.4,2.7,5,3,24.13
41,1,67,1.77,161,149,50,1.22,900,4,25.6,2.6,3,2,21.39
33,1,106.5,1.6,183,152,74,1.4,1170,2,27.3,3.3,4,2,41.6
19,1,95.1,1.85,190,143,50,1.21,952,1,25.3,2.3,4,2,27.79
45,0,65.5,1.57,192,133,59,0.66,395,3,34.3,2.3,2,1,26.57
49,1,105.7,1.64,198,155,59,1.2,921,3,29.5,3.1,3,2,39.3
44,0,48,1.76,189,124,52,0.88,491,1,28.6,2.6,2,1,15.5
37,0,69.5,1.5,196,130,66,0.69,448,3,32.8,2.4,2,1,30.89
41,1,66.1,1.69,187,143,68,0.77,545,1,27.4,3.4,2,1,23.14
29,1,68,1.7,190,150,60,0.76,627,4,28.9,2.9,2,1,23.53
52,1,50.3,1.78,170,132,67,0.85,555,4,24.5,2.3,2,1,15.88
50,0,69.3,1.68,182,135,51,1.2,729,4,30.3,2,2,1,24.55
50,1,86.7,1.63,161,143,58,1.7,1203,3,12.1,3.5,4,3,32.63
54,1,125.9,1.94,199,132,73,1.35,882,2,28.5,2.9,3,2,33.45
29,1,88.1,1.93,186,143,66,1.88,1479,3,11.1,3.5,5,3,23.65
20,1,124.3,1.82,194,145,63,1.25,997,3,22.4,3.2,3,2,37.53
18,1,62,1.85,161,121,53,0.88,586,2,23.7,3,3,1,18.12
50,0,69.7,1.72,198,135,66,1.24,753,2,27.3,2,4,2,23.56
57,0,60.9,1.52,196,157,66,1.31,926,2,30.6,1.8,3,2,26.36
27,1,76.5,1.97,180,165,61,1.13,1025,2,21.3,2.3,2,1,19.71
46,1,94.7,1.82,164,120,69,1.47,873,3,23.2,3.2,3,2,28.59
30,1,67.9,1.75,180,168,67,1.25,1155,1,29.1,3.1,2,1,22.17
29,1,121.1,1.87,188,130,52,1.31,937,4,24.1,3.2,4,2,34.63
48,0,71.5,1.64,179,154,60,1.46,1012,1,32.5,1.9,4,2,26.58
19,1,98.6,1.7,197,162,74,0.83,740,3,21.1,2.4,2,1,34.12
52,0,68.2,1.63,179,148,67,1.17,779,2,27.5,2.4,3,1,25.67
40,0,57.7,1.69,184,156,53,1.18,920,4,33.1,2.4,4,2,20.2
34,1,124.6,1.63,161,136,66,1.41,1055,4,27.6,2.8,3,2,46.9
43,0,73,1.59,191,158,67,1.31,931,1,28.9,2.2,3,1,28.88
25,0,59.4,1.51,185,161,54,1.62,1304,3,19.8,2.7,5,3,26.05
46,0,52,1.65,165,147,63,0.7,463,3,34.1,1.9,2,1,19.1
43,0,42.2,1.65,162,148,59,1.33,886,3,34.6,2.3,3,2,15.5
27,1,89.3,1.64,192,162,64,1.82,1622,4,12.1,3.5,4,3,33.2
43,1,110,1.76,160,122,50,1.09,658,1,22,3.4,3,1,35.51
51,0,66.2,1.58,164,129,65,0.86,499,4,31.3,2.3,3,1,26.52
58,1,58.6,1.66,172,161,60,1.21,964,4,26.8,2.9,2,1,21.27
24,1,51,1.67,178,133,72,0.97,710,2,21.3,2.8,3,1,18.29
21,1,101.5,1.95,171,131,69,0.97,699,1,27.9,3.1,3,1,26.69
28,1,114.2,1.87,184,166,55,1.05,959,2,20.2,3.2,3,2,32.66
46,1,54.4,1.72,194,161,73,0.91,725,3,24.8,2.9,2,1,18.39
53,0,52.4,1.57,171,149,71,1.34,898,4,28.3,2.2,3,2,21.26
42,1,85.2,1.81,189,151,65,1.54,1151,1,13.7,3.5,5,3,26.01
38,1,83.6,1.74,164,151,51,1.66,1379,3,11.6,3.5,5,3,27.61
53,1,115.4,1.92,193,161,50,1.36,1084,1,28.3,2.2,4,2,31.3
27,1,71.2,1.97,181,151,73,0.74,615,4,25.9,3.6,3,1,18.35
54,0,78.1,1.6,198,145,73,1.1,718,1,32.9,2.4,4,2,30.51
26,0,54.2,1.65,172,120,58,1.07,642,3,34.9,1.9,4,2,19.91
41,0,77.6,1.76,162,161,71,1.27,920,2,31.8,2.2,4,2,25.05
52,0,44.1,1.62,179,121,61,1.41,768,4,34.8,1.6,3,1,16.8
52,1,85.5,1.8,190,136,66,1.7,1144,2,10.1,3.5,5,3,26.39
53,0,47.8,1.76,164,149,74,1.06,711,4,28.4,1.5,4,2,15.43
35,1,102.5,1.94,183,158,64,0.84,730,3,21.1,2.4,2,1,27.23
56,1,118,1.9,199,126,68,0.66,412,4,22.6,3.2,2,1,32.69
49,1,82.3,1.84,192,146,71,1.29,932,2,28.4,3.4,4,2,24.31
41,1,81.6,1.87,167,128,59,1.87,1185,4,10.2,3.5,5,3,23.33
40,1,60.2,1.88,183,141,61,1.22,946,3,25.2,3,3,2,17.03
49,0,49.2,1.54,179,153,63,1.28,881,4,30.7,2.1,3,2,20.75
54,0,46.6,1.5,175,165,58,1.38,1025,2,30.6,2,2,1,20.71
29,0,68.7,1.72,171,168,62,1.08,907,3,29.8,1.7,4,2,23.22
30,0,60.6,1.55,172,120,52,1.3,780,2,32.9,1.6,3,2,25.22
40,1,52.1,1.61,198,128,70,0.87,612,4,21.3,3.3,2,1,20.1
42,0,46.6,1.77,184,139,63,0.61,382,1,28.1,2.6,2,1,14.87
52,1,65.5,1.74,191,138,70,1.48,1011,2,26.2,2.8,4,2,21.63
58,0,44.2,1.57,183,155,59,1.08,753,4,31.9,2.3,3,1,17.93
47,1,89.1,1.84,168,159,65,1.44,1133,1,24,3.6,3,2,26.32
34,1,65.9,1.62,199,164,56,0.81,731,1,28.8,2.2,2,1,25.11
37,0,55.6,1.57,182,123,53,0.97,597,3,29.2,2.4,2,1,22.56
42,1,63.7,1.98,172,128,69,1.37,868,1,24,3,2,1,16.25
39,1,86.2,1.82,191,160,72,1.96,1725,2,10.2,3.5,5,3,26.02
30,0,59.2,1.63,174,141,74,1.85,1304,2,17.8,2.7,4,3,22.28
36,1,85.4,1.88,195,137,60,1.98,1492,1,13.5,3.5,5,3,24.16
53,0,68.1,1.55,164,131,65,1.41,831,4,26.1,2.2,4,2,28.35
29,0,60,1.62,181,161,69,0.85,684,2,28.1,1.9,2,1,22.86
58,0,74.8,1.69,175,162,53,1.28,933,2,32.8,2.3,4,2,26.19
36,1,90.3,1.65,169,158,71,1.38,1199,3,23.7,3.4,4,2,33.17
29,1,86.1,1.65,183,128,71,1.66,1169,4,11.2,3.5,4,3,31.63
26,1,73.7,1.66,177,125,72,0.93,639,1,26.7,2.2,2,1,26.75
24,0,67.7,1.56,177,138,66,1.42,980,4,27,2.1,3,2,27.82
45,1,78.3,1.96,166,167,62,1.29,1066,3,29,2.2,3,1,20.38
31,0,48.2,1.65,163,166,60,1.1,913,3,26.1,2.5,2,1,17.7
48,0,56.8,1.51,185,126,52,1.37,777,4,32.1,2.1,4,2,24.91
36,1,112.4,1.63,164,135,58,1.02,757,3,25,3.4,4,2,42.3
33,0,59,1.67,175,124,55,0.9,558,3,33.7,1.9,3,1,21.16
22,1,98.4,1.88,194,135,71,0.52,386,3,21.3,2.2,2,1,27.84
52,1,66.5,1.6,185,120,70,1.34,796,4,26.8,2.1,4,2,25.98
29,1,106.5,1.81,177,156,60,1.29,1107,3,25.7,2.5,4,2,32.51
42,1,88.4,1.93,188,158,65,1.68,1314,1,12.4,3.5,4,3,23.73
38,1,88.4,1.79,182,138,68,1.74,1321,1,12.5,3.5,5,3,27.59
53,0,53.3,1.74,173,156,54,1.37,962,2,32.2,1.8,3,2,17.6
40,0,58.1,1.56,174,136,63,0.61,415,1,34.4,2.2,2,1,23.87
33,0,74.2,1.76,192,145,66,1.15,834,2,25.9,1.5,4,2,23.95
56,1,84.6,1.63,184,141,52,1.01,705,4,20.2,2.9,4,2,31.84
59,1,78,1.92,180,127,53,0.72,453,3,28.1,2.7,3,1,21.16
56,1,89,1.68,176,152,65,1.77,1332,1,10.5,3.5,5,3,31.53
31,0,42.7,1.76,182,121,65,1.46,883,2,34.9,2.2,3,1,13.78
48,1,83.9,1.82,176,149,70,1.9,1401,4,13.1,3.5,5,3,25.33
22,0,78.7,1.52,173,166,74,1.45,1204,2,31.5,2.3,3,2,34.06
52,0,65.9,1.52,188,139,53,1.27,794,3,27,2.3,4,2,28.52
40,1,76.9,1.92,179,137,68,1.13,851,1,22.4,3.7,4,2,20.86
46,1,84.3,2,189,162,66,1.83,1467,4,13.3,3.5,5,3,21.07
28,0,62.4,1.6,178,129,62,1.1,710,2,34.1,1.7,3,2,24.37
35,1,63.7,1.74,198,143,71,1.03,810,4,29.8,2.7,4,2,21.04
29,0,54.9,1.52,172,123,72,1.48,910,2,27,2,3,1,23.76
26,1,76.4,1.79,177,156,73,1.17,1004,2,21.3,2.7,3,2,23.84
27,1,106.4,1.86,182,123,50,1.34,907,3,20.6,3.1,2,1,30.76
34,0,68.4,1.5,192,132,61,1.37,904,3,33.7,2.1,4,2,30.4
55,1,63.5,1.86,198,144,53,1.36,969,2,22.9,2.9,4,2,18.35
24,0,59.4,1.5,199,132,60,1.25,825,1,25,2,3,2,26.4
30,1,113.4,1.91,177,137,54,1.27,957,4,22.2,3.7,3,1,31.08
57,0,61.9,1.52,168,143,51,0.92,592,4,28.4,2.6,3,1,26.79
59,0,70.7,1.68,192,121,66,1.17,637,3,34.9,1.9,3,2,25.05
26,1,111.5,1.9,191,167,57,1.02,937,1,25.2,2.2,2,1,30.89
44,0,72.1,1.66,176,152,55,1.4,958,2,27,2.5,2,1,26.16
19,1,56.9,1.87,178,138,70,0.61,463,3,23.3,3.7,3,1,16.27
22,1,86.2,1.9,186,128,58,1.91,1345,2,11.7,3.5,5,3,23.88
46,1,59.4,1.68,165,147,62,1.16,844,2,20.2,2.5,4,2,21.05
54,0,75.6,1.72,194,154,60,0.97,672,3,26.4,1.9,3,1,25.55
55,0,76.3,1.73,196,158,65,1.08,768,1,32,2.6,3,1,25.49
36,1,95.8,1.86,193,129,65,1.37,972,4,21.2,3.2,3,1,27.69
25,1,120.6,1.83,179,120,51,1.04,686,3,22.3,2.5,3,2,36.01
18,0,65.3,1.55,184,161,59,1.42,1143,1,28.5,2.2,3,2,27.18
39,1,85.3,1.89,163,140,61,0.77,593,2,27.6,3.6,2,1,23.88
34,1,68,1.68,169,128,57,0.67,472,3,25.8,3.4,2,1,24.09
24,0,52.6,1.57,169,166,60,1.29,1071,4,31.9,2.4,2,1,21.34
42,1,63.3,1.77,183,134,59,1.32,876,4,25.7,3.3,3,2,20.2
21,0,76.3,1.65,180,154,62,1.14,878,2,31.8,1.7,3,2,28.03
53,1,61,1.63,170,124,74,0.54,331,3,20,3.4,3,1,22.96
23,0,67.8,1.61,186,160,66,1.34,1072,4,34.3,1.8,2,1,26.16
48,1,114.9,1.86,175,141,56,1.36,949,3,21.1,3.6,3,1,33.21
36,1,88,1.71,185,160,73,1.87,1646,4,12,3.5,5,3,30.09
56,0,67.7,1.58,189,142,52,1.45,927,2,32.7,1.9,2,1,27.12
44,1,124.8,1.85,175,126,69,1.35,842,2,24.4,3.5,4,2,36.46
27,0,53,1.58,166,142,62,1.26,895,3,34.5,1.8,4,2,21.23
43,1,61.2,1.88,175,163,68,1.03,831,1,24.7,2.9,3,1,17.32
36,0,48.7,1.68,194,144,56,1.23,886,1,33.7,1.6,3,1,17.25
56,0,50.6,1.7,175,146,58,1.29,848,2,33.1,2.3,2,1,17.51
20,0,72.6,1.73,199,160,68,1.27,1016,4,34.8,2.5,3,2,24.26
30,0,70.4,1.56,171,125,62,1.03,644,1,34.3,2.4,4,2,28.93
45,1,52.5,1.88,194,153,71,1.08,818,2,29,2.9,4,2,14.85
37,1,76.3,1.77,180,128,57,1.36,957,4,27.3,2.1,4,2,24.35
45,0,41.2,1.58,195,168,71,1.47,1111,4,28.7,2.6,2,1,16.5
25,0,55.3,1.76,176,152,67,1.56,1186,1,15.5,2.7,4,3,17.85
58,0,49.7,1.67,191,125,72,1.38,776,2,31.9,2.3,4,2,17.82
56,1,48.3,1.87,165,156,51,0.68,525,4,29.8,3.3,3,1,13.81
18,1,83.2,1.96,183,150,67,1.83,1510,4,13.6,3.5,4,3,21.66
20,1,120.5,1.73,186,153,67,1.01,850,3,29.3,3.4,3,2,40.26
30,1,121.6,2,179,160,60,1.24,1091,3,28,3.3,4,2,30.4
45,0,73,1.75,184,148,50,1.14,759,1,26.6,2,4,2,23.84
42,0,57.5,1.67,161,133,63,1.76,1053,3,16.2,2.7,5,3,20.62
50,0,42.7,1.53,168,155,65,1.41,983,2,28.4,2.4,4,2,18.24
55,1,129.9,1.73,187,155,60,0.69,529,1,21.7,3.1,3,1,43.4
23,1,108.6,1.92,197,134,50,0.89,656,1,25.8,3.5,2,1,29.46
49,1,88.6,2,162,127,56,1.83,1150,3,14.9,3.5,4,3,22.15
38,0,49.7,1.51,179,145,65,1.25,906,4,32.6,2.5,3,1,21.8
33,0,56.4,1.54,165,155,63,1.06,822,2,29.2,1.5,3,1,23.78
38,1,46.9,1.74,198,167,64,1.03,946,2,20,2.6,4,2,15.49
28,0,71.3,1.67,192,140,63,1.46,1022,2,28.1,1.5,4,2,25.57
54,1,71.6,1.86,160,147,70,1.14,830,1,25.3,2.2,3,2,20.7
53,1,82.3,1.61,196,123,60,1.87,1139,2,11.6,3.5,5,3,31.75
52,0,70.6,1.69,165,135,65,1.36,826,4,26.1,2.2,3,1,24.72
36,1,109.8,1.62,193,141,68,0.84,651,4,24.4,3.5,3,1,41.84
37,0,73.5,1.69,174,131,66,0.54,354,3,27.5,1.6,2,1,25.73
35,1,85.6,1.85,185,135,55,1.78,1322,2,14.5,3.5,5,3,25.01
58,0,74.6,1.68,173,159,60,1.03,737,1,26,2,4,2,26.43
31,0,63.2,1.8,166,157,66,0.59,463,3,25.5,2.6,2,1,19.51
32,0,62.6,1.63,190,161,58,1.67,1344,4,15,2.7,5,3,23.56
48,1,87.1,1.76,183,156,67,1.81,1398,2,11.6,3.5,5,3,28.12
18,1,82.3,1.84,190,148,66,1.73,1408,4,13.3,3.5,5,3,24.31
20,0,64.3,1.78,188,137,61,1.71,1171,3,18.7,2.7,4,3,20.29
33,0,53.7,1.66,191,129,72,1.25,806,4,29.5,2.5,3,1,19.49
40,1,63,2,176,161,71,1.42,1257,2,26.8,2.9,4,2,15.75
28,1,128.4,1.86,173,158,71,1.06,921,2,23.6,3.3,4,2,37.11
29,1,88,1.89,199,137,54,1.75,1319,3,13.3,3.5,5,3,24.64
27,0,63.7,1.52,195,120,60,1.19,714,2,25.4,2.1,4,2,27.57
49,1,83.7,1.87,183,158,53,1.29,1009,4,23.9,2.3,4,2,23.94
33,1,102.6,1.75,186,140,53,1.4,1078,4,27.9,2.2,3,2,33.5
25,0,77.7,1.55,184,120,52,0.55,330,1,33,1.7,2,1,32.34
55,1,87.5,1.88,191,134,73,1.19,789,1,27.2,2.6,4,2,24.76
29,1,87,1.86,177,123,72,1.52,1028,1,11,3.5,4,3,25.15
41,1,82.8,1.66,177,139,74,1.97,1355,4,11.2,3.5,5,3,30.05
45,0,65.4,1.68,196,129,66,0.76,441,4,35,2.6,3,1,23.17
25,0,47.2,1.71,185,142,56,0.89,632,3,26,2.5,2,1,16.14
45,0,58.2,1.7,168,160,53,0.95,684,1,26.8,2,3,1,20.14
53,0,73.5,1.55,194,153,72,1.17,806,4,26.3,2.1,4,2,30.59
43,0,55.2,1.73,167,165,62,1.67,1240,3,16.6,2.7,5,3,18.44
25,0,64.4,1.71,179,167,61,1.12,935,4,27.1,1.8,3,1,22.02
45,0,73.5,1.74,181,152,50,1.18,807,3,30,2.3,4,2,24.28
45,1,89.6,1.81,178,153,70,1.7,1287,1,12.4,3.5,5,3,27.35
54,1,86.5,1.76,189,158,68,1.48,1158,1,29,3.4,3,2,27.92
58,0,46.1,1.67,187,129,70,1.28,743,1,25.3,1.8,4,2,16.53
53,1,68.5,1.97,194,139,69,1.3,894,4,23.2,2.1,3,2,17.65
44,1,94.6,1.84,170,120,67,1.26,748,4,26,3.1,4,2,27.94
34,0,54.2,1.52,190,132,60,1.13,746,3,31,2.2,3,1,23.46
26,1,47.7,1.77,198,120,69,1.15,759,2,24.8,2.7,3,2,15.23
50,1,52.2,1.84,195,124,52,1.38,847,2,28.2,3.1,4,2,15.42
37,1,88.8,1.95,189,135,66,1.58,1173,1,10.3,3.5,5,3,23.35
30,1,101,1.68,182,134,61,1.46,1076,2,28.2,2.9,4,2,35.79
45,1,118.4,1.95,178,168,59,1.06,881,1,24.9,2.4,3,2,31.14
46,0,47.9,1.72,171,147,57,1.41,933,3,26.3,2,3,1,16.19
30,0,51.5,1.74,174,150,64,1.08,810,2,33.9,2,3,2,17.01
52,0,79.9,1.51,190,142,54,0.75,479,2,31.5,2.6,3,1,35.04
23,1,121.3,1.85,196,167,53,0.72,661,1,21.6,3.6,2,1,35.44
35,0,78.9,1.64,196,164,70,1.28,1050,3,25.3,2.6,4,2,29.34
22,1,88.5,1.62,174,162,69,1.88,1675,2,10.7,3.5,5,3,33.72
42,1,73.5,1.63,188,136,68,0.52,350,2,26.1,3.2,3,1,27.66
19,1,127.9,1.93,185,168,70,1.27,1173,2,21.8,3,4,2,34.34
27,1,88.5,1.98,161,153,53,1.8,1515,3,11.1,3.5,4,3,22.57
47,0,43.4,1.62,179,132,64,0.51,303,3,25.3,2.3,3,1,16.54
22,0,42.8,1.56,174,133,66,1.47,978,2,32.2,2.6,3,2,17.59
50,1,64.5,1.79,163,130,61,1.17,753,1,28.1,2.4,4,2,20.13
18,0,50.7,1.53,181,147,52,1.29,948,1,33,2.1,3,2,21.66
35,1,59.2,1.66,197,161,59,1.3,1151,2,21.3,3.2,3,1,21.48
49,0,78.9,1.73,182,151,64,1.38,938,3,34,2.3,2,1,26.36
28,0,78.7,1.63,185,154,59,1.1,847,2,31.7,1.8,3,2,29.62
38,1,68.7,1.92,170,150,73,1.31,1081,3,29,3,4,2,18.64
43,0,53.1,1.59,187,136,72,0.82,502,2,29.5,2.5,2,1,21
42,1,64.8,1.65,161,166,67,1.1,904,3,24.4,2.8,3,2,23.8
39,0,50.3,1.61,167,128,50,1.17,749,4,32.8,2.5,2,1,19.41
44,1,102.3,1.63,188,129,52,1.34,856,1,20.9,2.6,4,2,38.5
30,1,62.9,1.92,170,127,70,1.13,789,4,25.2,3.6,2,1,17.06
50,0,56.5,1.6,196,140,61,1.88,1184,1,19.2,2.7,5,3,22.07
51,0,74.6,1.55,177,132,50,0.71,422,3,33.3,2.1,2,1,31.05
58,1,52,1.79,173,169,52,1.12,937,4,29.6,3,3,1,16.23
52,0,52.1,1.67,169,124,52,1.5,837,1,32,1.5,2,1,18.68
18,0,72.2,1.54,194,125,54,0.97,606,2,27.1,1.7,2,1,30.44
38,1,85.8,1.8,168,149,68,1.72,1410,3,10.1,3.5,4,3,26.48
23,1,81.4,1.85,194,150,74,1.6,1320,3,12.4,3.5,4,3,23.78
45,0,50.9,1.65,170,136,50,1.45,887,2,30.1,2.3,2,1,18.7
34,1,52,1.78,171,130,53,1.38,987,2,22.4,2.7,4,2,16.41
22,1,71,1.93,162,139,53,1.42,1086,1,21.2,2.9,4,2,19.06
48,1,80.6,1.77,198,167,66,1.51,1248,3,12.9,3.5,4,3,25.73
22,0,58.3,1.72,173,128,63,1,640,1,32.6,1.6,3,2,19.71
55,0,63,1.7,187,121,67,1.32,719,2,34.9,2.5,3,1,21.8
20,1,111,1.94,170,156,50,1.02,875,3,27.6,3.3,4,2,29.49
40,0,52.6,1.66,198,120,71,1.27,762,2,32.9,1.7,3,2,19.09
54,1,116.4,2,184,123,65,1.13,688,1,26.2,3.1,3,1,29.1
54,0,75.6,1.61,180,155,52,1.41,983,1,34.9,2.5,4,2,29.17
27,1,61.6,1.8,169,144,72,1.48,1172,1,26.4,3.1,2,1,19.01
27,1,108,1.8,174,122,70,1.38,926,3,28.6,2.5,4,2,33.33
36,0,59.3,1.75,178,128,58,0.99,634,2,34.5,2.3,3,1,19.36
34,1,75.7,1.94,181,141,72,1.18,915,2,29.3,2.4,4,2,20.11
38,0,56.3,1.6,180,142,53,1.21,859,1,28.8,1.9,4,2,21.99
31,0,58.2,1.73,191,131,70,1.17,766,1,25.8,1.8,3,2,19.45
26,1,55.7,1.68,182,129,54,1.13,802,1,21.7,2.9,3,1,19.73
18,1,125.9,1.67,172,153,60,1.46,1229,1,20.6,2.2,3,2,45.14
30,0,62.7,1.67,164,162,70,1.02,826,4,26.1,2.6,4,2,22.48
21,1,86.6,1.86,163,129,58,1.37,972,4,21.8,2.6,3,2,25.03
18,1,64.5,1.82,187,149,52,1.2,983,4,23.4,2.4,3,2,19.47
57,1,76.6,1.86,173,141,55,1.14,796,1,25.4,2.8,4,2,22.14
49,1,81.4,1.83,167,125,73,1.98,1225,1,13.6,3.5,5,3,24.31
51,1,60.7,1.71,168,169,60,1.14,954,2,22.1,2.5,2,1,20.76
45,0,57.2,1.55,194,121,58,1.67,909,3,18.4,2.7,5,3,23.81
48,0,73,1.59,196,149,64,1.19,798,2,32,2.1,3,2,28.88
25,1,123.8,1.99,180,121,72,1.13,752,4,25.6,2.6,3,1,31.26
56,1,93.6,1.66,177,151,52,1.37,1024,2,29,2.2,2,1,33.97
43,1,76.8,1.92,192,161,50,1.24,988,1,21.1,2.5,3,1,20.83
51,0,54.7,1.53,167,135,69,1.11,674,4,26.8,2,4,2,23.37
20,1,92.3,1.94,176,131,71,1.14,821,4,24.3,2.1,3,2,24.52
29,0,71.8,1.55,190,120,68,1.2,720,3,26.3,2.4,4,2,29.89
18,0,66.9,1.57,193,127,63,1.07,679,3,30.7,2.2,3,2,27.14
22,0,48.7,1.76,165,167,66,1.37,1144,4,29,2.2,4,2,15.72
47,1,66.2,1.71,181,169,71,1.42,1188,4,22.8,2.9,3,1,22.64
47,0,40,1.76,173,132,63,0.8,475,2,26.7,2.2,3,1,12.91
34,1,112.4,1.85,162,134,66,1.18,870,4,23.4,3.6,4,2,32.84
40,0,70,1.55,171,163,74,0.85,693,1,31.1,1.5,3,1,29.14
32,1,84,1.74,195,127,63,1.45,1013,2,25.8,2.1,3,1,27.74
54,0,43.8,1.65,171,129,61,1.29,749,1,26.6,1.7,4,2,16.09
38,1,123.3,1.62,161,165,65,1.34,1216,1,21.2,2.3,4,2,46.98
31,0,57.9,1.56,161,124,50,1.8,1116,1,15.1,2.7,5,3,23.79
19,1,82.4,1.96,174,169,62,1.9,1766,4,10.1,3.5,5,3,21.45
28,1,84.8,1.79,182,138,55,1.35,1025,3,28.8,2.3,4,2,26.47
56,1,109.6,1.66,188,166,66,1.29,1060,3,20.5,3.1,3,2,39.77
55,1,86.4,1.77,176,157,61,1,777,1,27.3,2.8,3,2,27.58
51,0,63.9,1.8,191,130,72,1.07,626,4,33.7,2.7,4,2,19.72
55,0,70.8,1.62,166,162,68,0.54,394,2,26,1.8,3,1,26.98
51,1,115.3,1.67,189,139,55,1.38,950,1,24.4,2.5,3,2,41.34
35,0,55.3,1.56,187,139,56,1.71,1188,2,19.8,2.7,5,3,22.72
47,1,73.9,1.8,173,140,50,1.36,942,2,28.3,3.7,3,1,22.81
32,1,97.3,1.96,189,137,50,1.36,1025,4,24.9,3.4,3,2,25.33
44,0,60.4,1.65,176,169,54,1.27,966,4,32.6,2.1,4,2,22.19
51,1,49.3,1.61,191,129,55,1.36,868,3,28.3,2.9,2,1,19.02
55,1,91.8,1.78,165,153,65,1.44,1091,3,23.5,3.4,3,1,28.97
50,0,73.6,1.55,183,145,74,0.89,581,4,33.9,2.1,3,1,30.63
41,1,47.1,1.78,165,149,65,1.26,929,1,24.7,2.4,3,1,14.87
32,1,65.2,1.62,186,128,63,0.58,408,3,25.3,3.4,2,1,24.84
47,1,87.2,1.64,177,165,50,2,1634,2,15,3.5,4,3,32.42
59,1,96.7,1.71,183,150,62,0.57,423,1,28.4,2.9,3,1,33.07
34,0,46.9,1.61,196,161,69,1.02,821,2,28.6,1.7,3,2,18.09
22,0,72.1,1.62,183,123,59,1.38,849,4,25.1,2.1,3,1,27.47
46,0,62.5,1.54,197,125,73,1.61,906,2,18.1,2.7,4,3,26.35
21,1,110.7,1.69,193,133,59,1.06,775,1,27,2.7,3,1,38.76
27,1,102.6,1.83,199,123,58,1.41,954,4,26.5,3.5,3,2,30.64
34,0,64.3,1.62,174,145,62,1.76,1276,1,19.8,2.7,5,3,24.5
27,1,80.7,1.61,170,166,52,1.75,1598,2,14.3,3.5,4,3,31.13
34,1,115.3,1.81,181,167,67,1.36,1249,1,24.5,2.2,2,1,35.19
37,1,87.8,1.69,183,158,69,1.81,1573,4,10.3,3.5,5,3,30.74
41,1,74.3,1.61,160,136,51,1.06,714,2,24.8,3.5,4,2,28.66
22,0,78.5,1.7,177,138,66,1.36,938,2,31.9,2.1,4,2,27.16
51,0,77.3,1.58,171,168,68,0.97,733,3,31.1,2,2,1,30.96
23,0,64.5,1.7,187,125,72,0.51,319,3,30.4,1.7,2,1,22.32
19,1,72,1.94,199,148,62,1.17,952,1,24.7,3.2,3,2,19.13
30,0,77.9,1.77,166,130,62,1.41,916,3,27.9,2.6,4,2,24.87
28,0,69.6,1.58,182,135,50,1.49,1006,3,27.8,2,3,2,27.88
40,1,68.9,1.99,180,149,51,1.16,951,3,25,2.4,4,2,17.4
33,1,45.9,1.89,193,144,50,1.45,1148,3,21.6,2.9,3,2,12.85
48,0,68.2,1.69,170,159,73,0.75,537,4,28.4,2.5,3,1,23.88
28,0,79.6,1.59,181,130,54,1.49,968,4,28.2,1.5,3,2,31.49
33,0,53.6,1.52,194,126,73,1.02,643,3,30.9,2.3,2,1,23.2
25,0,57.7,1.58,188,145,52,1.36,986,1,25.7,2.2,3,2,23.11
21,1,74.2,1.93,187,141,56,1.32,1024,4,28.3,2.5,3,2,19.92
57,0,64.4,1.56,177,144,73,1.52,985,3,17.8,2.7,5,3,26.46
21,0,54.9,1.78,173,138,71,0.55,380,4,31.7,2,2,1,17.33
42,1,50.3,1.64,177,150,62,0.63,468,2,27,2.4,3,1,18.7
20,0,46.5,1.68,187,145,72,0.91,660,4,27.9,2.4,2,1,16.48
49,1,57.8,1.99,183,161,67,0.93,741,4,24.7,3.1,3,1,14.6
20,1,83,1.8,167,160,73,0.79,695,1,29.6,2.9,2,1,25.62
44,1,82.5,1.79,167,155,70,1.51,1159,4,13.8,3.5,5,3,25.75
46,0,66.5,1.73,163,142,56,1.11,709,1,34.7,2,3,1,22.22
49,0,70.2,1.67,186,166,50,0.93,695,2,32.5,1.8,3,1,25.17
36,1,121.9,1.93,195,132,54,1.49,1082,3,21.8,3.4,3,2,32.73
38,0,70.3,1.52,164,144,66,1.19,857,1,25.6,2,4,2,30.43
22,0,40.3,1.56,192,121,57,1.45,877,4,30.8,2.1,4,2,16.56
35,1,101.4,1.76,193,121,64,0.84,559,4,23.6,2.9,2,1,32.74
45,1,79.2,1.95,189,135,69,1.47,982,1,22.8,2.8,3,2,20.83
59,0,75.8,1.77,167,128,53,1.46,841,2,33.1,1.8,3,1,24.19
39,1,71.7,1.88,198,147,51,0.55,445,3,23.7,2.2,2,1,20.29
38,0,57.7,1.56,185,132,54,1.64,1082,4,16.6,2.7,5,3,23.71
23,0,47.4,1.6,196,154,50,0.76,585,2,33.5,1.6,3,1,18.52
18,0,57.2,1.75,193,160,74,1.29,1032,3,33.5,2.4,3,2,18.68
22,0,44.8,1.72,166,132,54,1.48,977,3,28.6,1.8,4,2,15.14
58,1,90.2,1.72,199,150,55,0.9,668,4,28.3,2.1,2,1,30.49
29,1,84.9,1.72,187,140,51,1.79,1378,1,14.3,3.5,4,3,28.7
43,1,95.7,1.77,198,151,50,1.08,807,4,24.2,3.4,3,1,30.55
51,1,59,1.65,198,153,53,1.22,924,4,20.7,2.3,3,2,21.67
31,0,60.5,1.77,187,127,56,1.72,1092,4,15,2.7,4,3,19.31
43,0,53.8,1.72,173,160,71,1.03,742,2,30.2,2.3,4,2,18.19
44,1,86.6,1.97,197,167,50,1.66,1372,1,11.7,3.5,5,3,22.31
26,0,72.8,1.67,163,121,50,1.37,829,2,35,1.9,2,1,26.1
43,0,66.3,1.77,177,157,57,1.48,1046,4,32.7,1.7,4,2,21.16
39,0,56,1.6,184,151,69,0.89,672,1,32.6,2,2,1,21.87
47,1,45.9,1.93,166,159,65,1.29,1015,3,29.6,2,3,2,12.32
34,1,88,1.64,197,147,70,1.9,1536,1,14.4,3.5,4,3,32.72
43,1,94,1.79,187,156,62,1.31,1012,4,23.2,3.4,2,1,29.34
53,0,44.7,1.79,164,160,72,1.34,965,1,26.7,2.1,3,2,13.95
18,1,63.2,1.63,162,120,73,0.66,436,3,27.5,2.2,3,1,23.79
25,1,95.6,1.9,190,160,72,1.47,1294,3,23.8,2.4,4,2,26.48
52,1,47.8,1.86,179,129,67,1.01,645,1,24.7,2.8,3,2,13.82
32,1,85.3,1.64,178,123,69,1.77,1197,3,13.2,3.5,4,3,31.71
39,1,59.7,1.83,170,154,59,1.35,1143,2,29.1,2.3,4,2,17.83
31,1,70.2,1.98,199,129,61,0.71,504,1,24.2,2.5,2,1,17.91
43,0,72.7,1.8,162,166,50,0.79,590,3,32.8,2.1,3,1,22.44
45,0,50.4,1.79,182,130,59,0.74,433,3,27.7,2.5,2,1,15.73
40,1,81.7,1.74,166,133,58,0.91,666,1,27,2.7,2,1,26.99
31,1,49.3,1.62,182,157,52,0.56,484,2,20,3.2,2,1,18.79
41,0,61.9,1.64,166,131,68,1.93,1138,1,19.4,2.7,4,3,23.01
19,0,49.1,1.68,193,164,58,1.42,1164,3,25.3,2.6,4,2,17.4
43,1,66.5,1.83,178,136,59,1.11,747,1,27.1,2.4,3,2,19.86
31,1,75.5,1.93,168,135,68,0.6,446,3,20.5,3.4,2,1,20.27
24,1,88.2,1.79,177,154,65,1.76,1491,4,11.3,3.5,4,3,27.53
20,1,74.8,1.75,184,121,73,1.33,885,1,25,3.3,3,2,24.42
40,0,72.2,1.6,173,130,67,0.87,566,1,29.2,1.9,3,1,28.2
35,1,62.8,1.63,184,160,63,1.41,1241,3,21.9,3.7,4,2,23.64
55,1,84.7,1.79,178,122,52,1.19,719,3,23.3,2.4,3,2,26.43
52,1,116.5,1.69,198,148,51,0.53,388,3,27.3,2.4,2,1,40.79
32,1,77.4,1.92,174,137,50,1.39,1047,3,26.7,3.3,3,2,21
42,0,72.9,1.62,175,139,67,1.17,732,1,25.7,2,4,2,27.78
54,0,58.4,1.59,186,166,73,1.08,807,3,32.5,1.9,2,1,23.1
45,0,64.3,1.54,199,133,58,1.67,999,1,15.3,2.7,4,3,27.11
27,1,89.3,1.87,169,153,62,1.62,1363,2,12.7,3.5,5,3,25.54
56,1,90.2,1.61,163,168,51,1.38,1148,1,22.6,2.3,3,2,34.8
34,0,59,1.62,178,150,56,1.13,847,3,30.9,2.4,4,2,22.48
56,1,58.7,1.86,187,159,65,1.09,858,3,22.6,3.3,3,2,16.97
39,1,127.5,1.82,180,161,70,1.26,1116,2,29.8,3,3,2,38.49
43,0,68.6,1.52,173,137,68,1.42,875,1,28.1,2.6,4,2,29.69
42,0,56.7,1.53,192,149,74,1.07,717,2,27.4,1.9,3,1,24.22
34,0,64.5,1.78,169,144,64,1.33,958,1,27.8,1.8,4,2,20.36
30,0,61.6,1.52,178,138,71,1.78,1228,3,19.5,2.7,4,3,26.66
37,1,75.1,1.82,189,127,60,1.23,859,1,26.4,3.2,4,2,22.67
42,1,79.3,1.93,181,147,50,1.22,888,3,27.3,3.3,2,1,21.29
21,0,72.6,1.68,162,127,70,1.19,756,3,34.2,1.8,3,2,25.72
27,1,76.7,1.7,196,150,56,0.96,792,4,29.1,2.1,3,1,26.54
20,0,44.2,1.61,177,122,69,1.08,659,4,32.4,2.5,2,1,17.05
58,0,56.5,1.7,170,122,57,0.74,406,1,27,2.7,2,1,19.55
35,1,100.9,1.63,161,163,59,1.1,986,3,28.4,3.1,2,1,37.98
53,0,55.8,1.55,171,141,54,1.12,711,2,27,1.8,4,2,23.23
39,1,58.3,1.93,165,136,58,1.35,1010,3,27.4,3.7,4,2,15.65
51,1,48.6,1.77,199,155,74,1.47,1128,2,26.9,3.5,2,1,15.51
25,1,81.7,1.95,188,136,74,1.94,1451,1,13.8,3.5,4,3,21.49
57,1,85.6,1.69,189,133,50,1.76,1159,1,12.7,3.5,5,3,29.97
36,0,60,1.72,161,128,51,1.63,1043,2,18.2,2.7,5,3,20.28
59,1,126.4,1.69,168,149,68,1.24,915,2,29.5,2.9,3,1,44.26
58,0,75.4,1.78,161,140,63,1.05,662,3,26,2.5,4,2,23.8
54,0,64.2,1.69,188,131,69,1.69,996,1,16.5,2.7,4,3,22.48
23,0,65.2,1.62,192,156,59,1.37,1069,3,31.1,2.5,3,2,24.84
43,0,70.1,1.66,169,151,58,0.99,673,2,34.6,2.6,2,1,25.44
51,1,102.6,1.77,193,130,59,1.21,779,4,21,3.4,2,1,32.75
23,1,107.2,1.93,167,139,55,1.15,879,4,20.2,3.1,4,2,28.78
54,0,56.5,1.75,196,154,66,1.76,1220,4,15.3,2.7,5,3,18.45
50,0,61.6,1.75,192,166,74,1.22,911,2,25.5,2.2,4,2,20.11
39,1,81.7,1.75,165,165,55,1.32,1198,3,29.1,2.8,4,2,26.68
38,0,76.6,1.58,199,130,53,0.74,481,1,32.2,2.3,2,1,30.68
23,1,116.8,1.79,178,127,69,1,698,2,26.8,3.4,4,2,36.45
23,0,60.1,1.59,191,123,52,1.8,1107,4,17.6,2.7,4,3,23.77
21,1,93.7,1.73,186,146,72,1,803,3,27.8,3.6,2,1,31.31
47,0,41.6,1.58,160,163,68,1.03,756,1,26.6,2.1,4,2,16.66
28,0,55.1,1.79,192,159,67,1.99,1582,1,17,2.7,5,3,17.2
47,1,127.1,1.76,199,157,73,0.71,552,2,24.9,3,2,1,41.03
48,0,69.1,1.6,191,166,53,1.34,1001,2,26.1,2,4,2,26.99
41,0,66.8,1.74,164,149,57,1.34,898,1,29.2,2.3,3,1,22.06
26,1,125.5,1.76,176,163,66,1.15,1031,1,23.2,3.1,4,2,40.52
20,0,71.3,1.58,167,167,54,1.07,893,4,25.4,1.5,3,2,28.56
48,1,129.2,1.61,193,167,62,1.06,876,1,21.4,2.9,4,2,49.84
57,1,96.3,1.86,168,146,74,1.1,795,2,27.6,2.2,3,2,27.84
54,0,67.5,1.54,182,140,50,0.72,454,3,25.2,1.5,3,1,28.46
53,0,64.4,1.55,194,139,62,1.77,1107,4,19.7,2.7,4,3,26.81
41,0,64.9,1.57,166,123,53,1.04,576,4,25.9,2.4,4,2,26.33
48,0,52.3,1.66,174,130,71,0.74,433,1,33,1.8,3,1,18.98
23,0,56.7,1.55,179,132,73,1.38,911,3,34,1.9,4,2,23.6
19,0,46.8,1.63,184,128,63,1.35,864,4,34.4,1.6,4,2,17.61
37,0,70.3,1.77,162,123,52,1.01,621,2,33.7,1.7,2,1,22.44
45,1,80.8,1.76,183,131,54,1.7,1102,1,11.4,3.5,4,3,26.08
28,0,56,1.5,193,128,56,1.94,1242,2,16.7,2.7,5,3,24.89
21,1,101.2,1.84,181,132,50,1.3,944,1,24.3,3.3,2,1,29.89
32,0,56.6,1.57,170,167,72,1.65,1378,4,15.7,2.7,4,3,22.96
23,0,40.9,1.75,167,145,61,0.82,594,1,25.2,2.1,3,1,13.36
47,1,127.8,1.65,198,157,60,0.77,598,3,28.7,3.5,2,1,46.94
55,0,49.3,1.76,194,161,73,1.28,927,2,30.5,2,2,1,15.92
19,0,64.3,1.63,197,132,57,1.87,1234,3,18,2.7,5,3,24.2
32,1,49.3,1.62,167,158,74,1.18,1025,2,29.3,2.5,3,2,18.79
28,0,63,1.62,196,147,55,0.68,500,2,31.7,1.9,2,1,24.01
25,0,41.1,1.67,186,138,71,1.03,711,1,31.9,2.4,3,2,14.74
43,0,40.5,1.74,187,143,51,1.5,965,4,32.9,2.2,3,2,13.38
22,1,71,1.62,199,138,68,0.91,691,4,21.2,3.5,2,1,27.05
23,0,60.9,1.62,193,168,69,1.59,1336,3,16.8,2.7,5,3,23.21
43,0,64.7,1.66,191,132,69,1.88,1117,1,19.8,2.7,4,3,23.48
21,0,51,1.71,174,132,73,1.07,706,4,34.2,2.2,3,2,17.44
36,0,57.7,1.77,176,147,63,1.65,1213,2,19.4,2.7,4,3,18.42
37,1,76.9,1.82,192,121,50,1.49,992,2,24.5,2.8,4,2,23.22
50,1,80.5,1.77,175,129,59,1.85,1181,1,14.3,3.5,4,3,25.7
37,0,73.3,1.74,188,141,65,1.03,726,3,25.5,2.4,3,2,24.21
29,0,49,1.57,168,132,53,1.33,878,1,26.5,2.6,3,2,19.88
18,1,114.5,1.97,192,128,60,1.03,725,3,24.1,2.6,3,1,29.5
43,1,81,1.78,188,152,65,1.58,1189,1,12.4,3.5,5,3,25.56
31,0,53.5,1.76,172,133,69,1.22,811,2,27.6,1.8,4,2,17.27
55,1,52.1,1.68,180,167,50,0.77,637,1,23.6,3,3,1,18.46
54,0,70.1,1.52,180,139,65,0.76,475,4,26.6,2.1,2,1,30.34
28,1,86.9,1.78,164,134,68,1.29,951,4,24.9,3.7,4,2,27.43
53,1,73.4,1.76,169,151,70,1.09,815,1,27.9,2.8,3,2,23.7
30,1,90,1.66,165,152,71,1.32,1104,3,26.6,2.1,4,2,32.66
20,1,85.7,1.92,172,136,58,1.72,1287,3,10.5,3.5,5,3,23.25
50,0,70.4,1.55,160,143,58,0.73,470,2,29.9,2.7,2,1,29.3
23,1,57.7,1.71,179,149,58,1.15,942,2,27,3.4,3,2,19.73
27,1,75.7,1.76,167,132,66,0.68,494,3,25.3,2.3,3,1,24.44
22,0,61.8,1.52,169,166,61,1.83,1519,1,17,2.7,5,3,26.75
40,1,80.3,1.76,168,167,74,1.63,1497,2,13.1,3.5,5,3,25.92
27,1,104.3,1.68,162,135,62,1.28,950,3,29.7,3.5,3,2,36.95
19,0,65.7,1.58,170,121,57,1.46,883,3,25.9,1.9,3,2,26.32
30,1,120.3,1.96,171,136,65,0.66,494,1,23.9,2.6,2,1,31.32
57,0,51.9,1.57,169,151,67,1.05,713,4,29.1,2.6,3,2,21.06
19,0,59.1,1.57,184,162,50,1.65,1336,3,17.9,2.7,5,3,23.98
37,0,66.9,1.75,184,127,50,1.38,876,2,26.5,2.1,4,2,21.84
18,0,66.9,1.75,170,122,61,0.94,573,1,26.8,1.7,2,1,21.84
54,1,78.7,1.66,195,131,55,1.42,921,1,22.9,2.6,3,2,28.56
26,0,62.4,1.61,198,139,58,1.88,1307,1,19.8,2.7,4,3,24.07
34,1,102.1,1.71,185,135,72,0.96,713,4,27.3,3.2,2,1,34.92
26,1,51.9,2,173,133,54,0.75,549,4,26.6,2.3,2,1,12.97
28,1,58.3,2,198,135,65,1.32,980,2,28.2,3,4,2,14.57
32,1,89.8,1.92,199,168,67,1.93,1783,2,10.6,3.5,4,3,24.36
41,1,101.1,1.83,160,162,66,0.79,634,1,28.6,3.2,2,1,30.19
55,1,118.6,1.72,163,168,67,0.77,640,2,25.9,2.6,3,1,40.09
52,1,84.8,1.85,189,152,50,1.19,895,3,23.4,3.2,2,1,24.78
47,1,80,1.77,171,149,68,0.72,531,4,28.2,3.5,3,1,25.54
48,1,73.1,1.83,194,131,71,1.05,681,1,28,2.8,4,2,21.83
22,1,117.3,1.68,172,134,57,1.24,914,1,28.5,2.7,3,2,41.56
31,0,77.4,1.71,190,137,52,1.26,863,3,26.2,1.8,4,2,26.47
28,0,72.9,1.67,197,147,74,1.13,831,3,34.7,2.2,3,2,26.14
26,0,71.2,1.5,182,142,54,1.15,816,3,34.6,2.6,2,1,31.64
51,1,88.2,1.62,163,133,72,1.56,1027,3,11.8,3.5,4,3,33.61
29,0,75.6,1.8,175,149,57,1.31,976,1,25.7,1.9,4,2,23.33
52,0,57.9,1.56,166,152,68,1.66,1135,4,15.8,2.7,4,3,23.79
52,0,70.6,1.58,181,164,67,1.02,753,4,34.9,2,3,2,28.28
18,1,118.6,1.64,188,134,67,0.94,693,3,25.6,2.7,3,1,44.1
57,1,55.7,1.99,170,126,70,1.13,705,2,23.6,3,3,2,14.07
39,1,102.3,1.94,192,134,50,0.89,656,1,22.9,2.4,3,1,27.18
46,1,72.6,1.87,188,161,64,1.31,1044,4,22.6,3.4,4,2,20.76
25,0,63.8,1.68,198,165,67,0.95,784,3,31.6,1.9,2,1,22.6
28,0,67.3,1.67,171,157,74,0.61,479,2,29.2,2.3,3,1,24.13
58,0,59.3,1.58,166,165,56,1.97,1463,2,19.8,2.7,4,3,23.75
54,0,70.7,1.57,198,163,65,1.14,836,3,31.8,2.1,3,1,28.68
31,1,86.9,1.69,185,130,65,1.72,1230,1,14,3.5,4,3,30.43
47,1,98.2,1.9,199,148,64,0.76,557,4,22.9,3,3,1,27.2
52,1,63.6,1.62,168,150,55,1.3,965,2,20.8,2.3,4,2,24.23
38,0,45.2,1.68,193,144,58,1.01,727,4,29.9,2.4,3,2,16.01
54,1,117.2,1.62,172,143,56,1.04,736,4,23.1,2.3,4,2,44.66
22,1,107.4,1.74,195,138,63,1.34,1017,2,22,2.2,2,1,35.47
36,0,59.1,1.78,184,121,60,0.85,514,3,34.5,2.2,2,1,18.65
31,0,53.3,1.64,183,141,70,0.57,402,2,29.4,2.4,3,1,19.82
43,1,46.2,1.63,176,139,65,1.18,812,2,21.7,2.1,2,1,17.39
21,1,67,1.61,161,152,74,1.32,1104,1,22,2.1,3,2,25.85
42,1,86.3,1.77,172,127,55,1.77,1113,4,11.4,3.5,4,3,27.55
59,1,85.5,1.67,190,144,71,1.99,1418,3,15,3.5,5,3,30.66
42,1,70.2,1.87,188,165,65,1.38,1127,4,22.7,3.4,3,2,20.07
35,1,127.1,1.62,187,128,69,1.02,718,2,23.3,3.4,4,2,48.43
57,0,75.6,1.67,186,153,65,1.05,723,3,31.6,1.8,3,2,27.11
25,0,62.6,1.65,174,142,61,1.2,852,3,27.9,2.2,3,1,22.99
56,0,55.7,1.53,190,124,66,1.91,1066,3,16.1,2.7,5,3,23.79
57,1,96.1,1.74,199,144,54,1.21,862,3,21.6,2.8,3,2,31.74
31,0,76.7,1.62,174,127,74,1.39,883,1,28.1,2.3,4,2,29.23
49,1,57.2,1.89,192,135,62,1.14,762,3,21.1,3.5,2,1,16.01
55,1,69.9,1.81,179,167,57,1.2,992,2,20.2,2.1,4,2,21.34
50,0,67.9,1.77,171,164,73,1.03,760,1,33,2.4,3,2,21.67
40,1,87.9,1.87,196,134,54,1.96,1445,2,10.7,3.5,5,3,25.14
32,1,102.8,1.98,168,120,61,1.24,818,2,27.8,2.8,3,2,26.22
50,0,51.8,1.5,182,141,58,1.32,838,4,33,2.2,3,1,23.02
42,0,57.7,1.57,167,122,52,1.83,1005,3,17.7,2.7,4,3,23.41
34,0,66.5,1.69,191,157,52,0.81,636,3,28.1,2.3,3,1,23.28
50,1,95.4,1.61,173,133,50,1.16,764,2,21.5,3.6,4,2,36.8
19,0,69.2,1.6,186,155,74,1.17,907,3,32.4,1.6,3,1,27.03
31,0,66.6,1.67,184,137,71,1.02,699,1,31,1.5,4,2,23.88
57,1,83.4,1.65,172,166,67,1.57,1290,4,13.3,3.5,4,3,30.63
57,0,43.8,1.75,180,160,73,1.39,1001,3,25.1,1.7,2,1,14.3
56,0,64.2,1.69,190,137,61,1.99,1227,3,19.6,2.7,5,3,22.48
23,0,44.1,1.62,196,122,58,0.58,354,1,25.7,2.7,2,1,16.8
23,1,87.3,1.91,164,129,58,1.87,1327,4,11.8,3.5,5,3,23.93
20,1,55,1.6,172,168,67,1.12,1035,1,24,3.2,4,2,21.48
24,1,87.1,1.74,187,158,67,1.57,1364,2,10,3.5,4,3,28.77
25,1,66.6,1.61,184,166,56,1.38,1260,2,25,3,2,1,25.69
59,0,60.4,1.76,194,120,53,1.72,929,3,18.8,2.7,5,3,19.5
32,1,126.4,1.83,198,146,62,1.1,883,4,28.2,2.1,3,2,37.74
46,1,88.7,1.63,166,146,66,0.75,542,2,28.8,3.5,2,1,33.38
